<?xml version="1.0" encoding="UTF-8"?>
<component name="sendgrid-recipients" type="synapse/template">
    <subComponents>
        <component name="addrecipient">
            <file>addrecipient.xml</file>
            <description>Assign a List to a Marketing Email.</description>
        </component>

        <component name="getrecipient">
            <file>getrecipient.xml</file>
            <description>Get all lists assigned to a particular marketing email</description>
        </component>

        <component name="deleterecipient">
            <file>deleterecipient.xml</file>
            <description>Remove assigned lists from marketing email</description>
        </component>

    </subComponents>
</component>