<?xml version="1.0" encoding="UTF-8"?>

<template name="deleterecipient" xmlns="http://ws.apache.org/ns/synapse">
    <parameter name="name" description="To marketing email from which the list will be unassigned." />
    <parameter name="list" description="Remove this list from the marketing email." />
    <sequence>
        <property name="uri.var.name" expression="$func:name" />
        <property name="uri.var.list" expression="$func:list" />

        <property name="messageType" value="application/x-www-form-urlencoded" scope="axis2" />

        <call>
            <endpoint>
                <http method="post" uri-template="{uri.var.apiUrl}/recipients/delete.json" />

            </endpoint>
        </call>
    </sequence>
</template>
