<?xml version="1.0" encoding="UTF-8"?>

<!--
~ Copyright (c) 2015, WSO2 Inc. (http://www.wso2.org) All Rights Reserved.
~
~ WSO2 Inc. licenses this file to you under the Apache License,
~ Version 2.0 (the "License"); you may not use this file except
~ in compliance with the License.
~ You may obtain a copy of the License at
~
~ http://www.apache.org/licenses/LICENSE-2.0
~
~ Unless required by applicable law or agreed to in writing,
~ software distributed under the License is distributed on an
~ "AS IS" BASIS, WITHOUT WARRANTIES OR CONDITIONS OF ANY
~ KIND, either express or implied. See the License for the
~ specific language governing permissions and limitations
~ under the License.
-->

<template name="addEmail" xmlns="http://ws.apache.org/ns/synapse">
    <parameter name="list" description="The list which you are adding email addresses to." />
    <parameter name="data" description="Specify the name, email address, and additional fields to add to the specified Recipient List." />
    <!--    <parameter name="email" description="Specify the name, email address, and additional fields to add to the specified Recipient List." />
       <parameter name="name" description="Specify the name, email address, and additional fields to add to the specified Recipient List." />-->
    <sequence>
        <property name="uri.var.list" expression="$func:list" />
        <property name="uri.var.data" expression="$func:data" />

        <call>
            <endpoint>
                <http method="add" uri-template="{uri.var.apiUrl}/lists/email/add.json?api_user={+uri.var.api_user}&amp;api_key={+uri.var.api_key}&amp;data={+uri.var.data}&amp;list={+uri.var.list}" />
            </endpoint>
        </call>

        <!-- Remove custom Headers from the API Response -->
        <header name="X-Runtime" action="remove" scope="transport" />
        <header name="ETag" action="remove" scope="transport" />
        <header name="X-UA-Compatible" action="remove" scope="transport" />
        <header name="X-Request-Id" action="remove" scope="transport" />
        <header name="X-Rack-Cache" action="remove" scope="transport" />
        <header name="X-Powered-By" action="remove" scope="transport" />

    </sequence>
</template>
