<?xml version="1.0" encoding="UTF-8"?>

<!--
~ Copyright (c) 2015, WSO2 Inc. (http://www.wso2.org) All Rights Reserved.
~
~ WSO2 Inc. licenses this file to you under the Apache License,
~ Version 2.0 (the "License"); you may not use this file except
~ in compliance with the License.
~ You may obtain a copy of the License at
~
~ http://www.apache.org/licenses/LICENSE-2.0
~
~ Unless required by applicable law or agreed to in writing,
~ software distributed under the License is distributed on an
~ "AS IS" BASIS, WITHOUT WARRANTIES OR CONDITIONS OF ANY
~ KIND, either express or implied. See the License for the
~ specific language governing permissions and limitations
~ under the License.
-->

<component name="sendgrid-lists" type="synapse/template" >
    <subComponents>
        <component name="addlist">
            <file>addlist.xml</file>
            <description>Create a new Recipient List.</description>
        </component>

        <component name="getlist">
            <file>getlist.xml</file>
            <description>List all Recipient Lists on your account, or check if a particular List exists.</description>
        </component>

        <component name="deletelist">
            <file>deletelist.xml</file>
            <description>Remove a Recipient List from your account.</description>
        </component>

        <component name="editlist">
            <file>editlist.xml</file>
            <description>Rename a Recipient List.</description>
        </component>

    </subComponents>
</component>
