<?xml version="1.0" encoding="UTF-8"?>
<component name="sendgrid-lists" type="synapse/template" >
    <subComponents>
        <component name="addlist">
            <file>addlist.xml</file>
            <description>Create a new Recipient List.</description>
        </component>

        <component name="getlist">
            <file>getlist.xml</file>
            <description>List all Recipient Lists on your account, or check if a particular List exists.</description>
        </component>

        <component name="deletelist">
            <file>deletelist.xml</file>
            <description>Remove a Recipient List from your account.</description>
        </component>

        <component name="editlist">
            <file>editlist.xml</file>
            <description>Rename a Recipient List.</description>
        </component>

    </subComponents>
</component>
