<?xml version="1.0" encoding="UTF-8"?>

<!--
~ Copyright (c) 2015, WSO2 Inc. (http://www.wso2.org) All Rights Reserved.
~
~ WSO2 Inc. licenses this file to you under the Apache License,
~ Version 2.0 (the "License"); you may not use this file except
~ in compliance with the License.
~ You may obtain a copy of the License at
~
~ http://www.apache.org/licenses/LICENSE-2.0
~
~ Unless required by applicable law or agreed to in writing,
~ software distributed under the License is distributed on an
~ "AS IS" BASIS, WITHOUT WARRANTIES OR CONDITIONS OF ANY
~ KIND, either express or implied. See the License for the
~ specific language governing permissions and limitations
~ under the License.
-->

<template name="init" xmlns="http://ws.apache.org/ns/synapse">
    <parameter name="apiUrl" description="Base endpoint URL of SendGrid API." />
    <parameter name="api_user" description="Username of the SendGrid account." />
    <parameter name="api_key" description="Password of the SendGrid account." />
    <sequence>
        <property name="uri.var.apiUrl" expression="$func:apiUrl" />
        <property name="uri.var.api_user" expression="$func:api_user" />
        <property name="uri.var.api_key" expression="$func:api_key" />

        <header name="Content-Type" value="application/json" scope="transport" />
        <header name="Accept" value="application/json" scope="transport" />
    </sequence>
</template>