<?xml version="1.0" encoding="UTF-8"?>

<!--
~ Copyright (c) 2015, WSO2 Inc. (http://www.wso2.org) All Rights Reserved.
~
~ WSO2 Inc. licenses this file to you under the Apache License,
~ Version 2.0 (the "License"); you may not use this file except
~ in compliance with the License.
~ You may obtain a copy of the License at
~
~ http://www.apache.org/licenses/LICENSE-2.0
~
~ Unless required by applicable law or agreed to in writing,
~ software distributed under the License is distributed on an
~ "AS IS" BASIS, WITHOUT WARRANTIES OR CONDITIONS OF ANY
~ KIND, either express or implied. See the License for the
~ specific language governing permissions and limitations
~ under the License.
-->

<component name="sendgrid-schedule" type="synapse/template">
    <subComponents>
        <component name="addschedule">
            <file>addschedule.xml</file>
            <description>Schedule a delivery time for an existing Marketing Email.</description>
        </component>

        <component name="getschedule">
            <file>getschedule.xml</file>
            <description>Retrieve the scheduled delivery time for an existing Marketing Email.</description>
        </component>

        <component name="deleteschedule">
            <file>deleteschedule.xml</file>
            <description>Cancel a scheduled send for a Marketing Email.</description>
        </component>

    </subComponents>
</component>