<?xml version="1.0" encoding="ISO-8859-1"?>

<!--
  ~ Copyright WSO2, Inc. (http://wso2.com)
  ~
  ~ Licensed under the Apache License, Version 2.0 (the "License");
  ~ you may not use this file except in compliance with the License.
  ~ You may obtain a copy of the License at
  ~
  ~ http://www.apache.org/licenses/LICENSE-2.0
  ~
  ~ Unless required by applicable law or agreed to in writing, software
  ~ distributed under the License is distributed on an "AS IS" BASIS,
  ~ WITHOUT WARRANTIES OR CONDITIONS OF ANY KIND, either express or implied.
  ~ See the License for the specific language governing permissions and
  ~ limitations under the License.
  -->

<axisconfig name="AxisJava2.0">
    <!-- ================================================= -->
    <!-- Parameters -->
    <!-- ================================================= -->
    <parameter name="hotdeployment">true</parameter>
    <parameter name="hotupdate">true</parameter>
    <parameter name="enableMTOM">optional</parameter>

    <!--If turned on with use the Accept header of the request to determine the contentType of the
    response-->
    <parameter name="httpContentNegotiation">false</parameter>

    <!--If true, then artifacts(services, modules etc) are not loaded when a tenant is loaded.
    So service deployment, module deployment etc. will not happen. So the tenant loading time will
    be fast.-->
    <parameter name="DisableArtifactLoading">false</parameter>

    <!--During a fault, stacktrace can be sent with the fault message. The following flag will control -->
    <!--that behaviour.-->
    <parameter name="sendStacktraceDetailsWithFaults">true</parameter>

    <!--If there aren't any information available to find out the fault reason, we set the message of the exception-->
    <!--as the faultreason/Reason. But when a fault is thrown from a service or some where, it will be -->
    <!--wrapped by different levels. Due to this the initial exception message can be lost. If this flag-->
    <!--is set then, Axis2 tries to get the first exception and set its message as the faultreason/Reason.-->
    <parameter name="DrillDownToRootCauseForFaultReason">false</parameter>

    <!-- Following parameter will completely disable REST handling in Axis2-->
    <parameter name="disableREST" locked="false">false</parameter>

    <!--the directory in which .aar services are deployed inside axis2 repository-->
    <parameter name="ServicesDirectory">axis2services</parameter>

    <!--POJO deployer , this will alow users to drop .class file and make that into a service-->
    <deployer extension=".class" directory="pojo" class="org.apache.axis2.deployment.POJODeployer"/>
    <deployer extension=".jar" directory="transports"
              class="org.apache.axis2.deployment.TransportDeployer"/>
    <deployer extension=".dbs" directory="dataservices" class="org.wso2.carbon.dataservices.core.DBDeployer"/>

    <!-- Following parameter will set the host name for the epr-->
    <!--<parameter name="hostname" locked="true">myhost.com</parameter>-->

    <!-- ================================================= -->
    <!-- Message Receivers -->
    <!-- ================================================= -->
    <!--This is the Default Message Receiver for the system , if you want to have MessageReceivers for -->
    <!--all the other MEP implement it and add the correct entry to here , so that you can refer from-->
    <!--any operation -->
    <!--Note : You can override this for particular service by adding the same element with your requirement-->
    <messageReceivers>
        <messageReceiver mep="http://www.w3.org/2004/08/wsdl/in-only"
                         class="org.apache.axis2.receivers.RawXMLINOnlyMessageReceiver"/>
        <messageReceiver mep="http://www.w3.org/2004/08/wsdl/in-out"
                         class="org.apache.axis2.receivers.RawXMLINOutMessageReceiver"/>
        <messageReceiver mep="http://www.w3.org/2006/01/wsdl/in-only"
                         class="org.apache.axis2.receivers.RawXMLINOnlyMessageReceiver"/>
        <messageReceiver mep="http://www.w3.org/2006/01/wsdl/in-out"
                         class="org.apache.axis2.receivers.RawXMLINOutMessageReceiver"/>
        <messageReceiver mep="http://www.w3.org/ns/wsdl/in-only"
                         class="org.apache.axis2.rpc.receivers.RPCInOnlyMessageReceiver"/>
        <messageReceiver mep="http://www.w3.org/ns/wsdl/robust-in-only"
                         class="org.apache.axis2.rpc.receivers.RPCInOnlyMessageReceiver"/>
        <messageReceiver mep="http://www.w3.org/ns/wsdl/in-out"
                         class="org.apache.axis2.rpc.receivers.RPCMessageReceiver"/>
    </messageReceivers>

    <!-- ================================================= -->
    <!-- Message Formatter -->
    <!-- ================================================= -->
    <!--Following content type to message formatter mapping can be used to implement support for different message -->
    <!--format  serialization in Axis2. These message formats are expected to be resolved based on the content type. -->
    <messageFormatters>
        <messageFormatter contentType="application/x-www-form-urlencoded"
                          class="org.apache.axis2.transport.http.XFormURLEncodedFormatter"/>
        <messageFormatter contentType="multipart/form-data"
                          class="org.apache.axis2.transport.http.MultipartFormDataFormatter"/>
        <messageFormatter contentType="application/xml"
                          class="org.apache.axis2.transport.http.ApplicationXMLFormatter"/>
        <messageFormatter contentType="text/xml"
                          class="org.apache.axis2.transport.http.SOAPMessageFormatter"/>
        <messageFormatter contentType="application/soap+xml"
                          class="org.apache.axis2.transport.http.SOAPMessageFormatter"/>
    </messageFormatters>

    <!-- ================================================= -->
    <!-- Message Builders -->
    <!-- ================================================= -->
    <!--Following content type to builder mapping can be used to implement support for different message -->
    <!--formats in Axis2. These message formats are expected to be resolved based on the content type. -->
    <messageBuilders>
        <messageBuilder contentType="application/xml"
                        class="org.apache.axis2.builder.ApplicationXMLBuilder"/>
        <messageBuilder contentType="application/x-www-form-urlencoded"
                        class="org.apache.axis2.builder.XFormURLEncodedBuilder"/>
        <!--Left commented because it adds the depandancy of servlet-api to other modules.
        Please uncomment to Receive messages in multipart/form-data format-->
        <!--<messageBuilder contentType="multipart/form-data"-->
        <!--class="org.apache.axis2.builder.MultipartFormDataBuilder"/>-->
    </messageBuilders>

    <!-- ================================================= -->
    <!-- Phases  -->
    <!-- ================================================= -->
    <phaseOrder type="InFlow">
        <!--  System pre-defined phases       -->
        <!--
           The MsgInObservation phase is used to observe messages as soon as they are
           received. In this phase, we could do some things such as SOAP message tracing & keeping
           track of the time at which a particular message was received

           NOTE: This should be the very first phase in this flow
        -->
        <phase name="MsgInObservation"/>
        <phase name="Transport">
            <handler name="RequestURIBasedDispatcher"
                     class="org.apache.axis2.dispatchers.RequestURIBasedDispatcher">
                <order phase="Transport"/>
            </handler>
            <handler name="SOAPActionBasedDispatcher"
                     class="org.apache.axis2.dispatchers.SOAPActionBasedDispatcher">
                <order phase="Transport"/>
            </handler>
        </phase>
        <phase name="Addressing">
            <handler name="AddressingBasedDispatcher"
                     class="org.apache.axis2.dispatchers.AddressingBasedDispatcher">
                <order phase="Addressing"/>
            </handler>
        </phase>
        <phase name="Ghost">
            <handler name="GhostDispatcher" class="org.wso2.carbon.utils.dispatchers.GhostDispatcher"/>
        </phase>
        <phase name="Security"/>
        <phase name="PreDispatch"/>
        <phase name="Dispatch" class="org.apache.axis2.engine.DispatchPhase">
            <handler name="RequestURIBasedDispatcher"
                     class="org.apache.axis2.dispatchers.RequestURIBasedDispatcher"/>
            <handler name="SOAPActionBasedDispatcher"
                     class="org.apache.axis2.dispatchers.SOAPActionBasedDispatcher"/>
            <handler name="RequestURIOperationDispatcher"
                     class="org.apache.axis2.dispatchers.RequestURIOperationDispatcher"/>
            <handler name="SOAPMessageBodyBasedDispatcher"
                     class="org.apache.axis2.dispatchers.SOAPMessageBodyBasedDispatcher"/>

            <handler name="HTTPLocationBasedDispatcher"
                     class="org.apache.axis2.dispatchers.HTTPLocationBasedDispatcher"/>
        </phase>
        <!--  System pre defined phases       -->
        <phase name="RMPhase"/>
        <phase name="OpPhase"/>
        <!--   After Postdispatch phase module author or or service author can add any phase he want      -->
        <phase name="OperationInPhase"/>
    </phaseOrder>
    <phaseOrder type="OutFlow">
 		<phase name="UEPPhase"/>
		<phase name="RMPhase"/>
        <phase name="OpPhase"/>
        <!--      user can add his own phases to this area  -->
        <phase name="OperationOutPhase"/>
        <!--system predefined phase-->
        <!--these phase will run irrespective of the service-->
        <phase name="PolicyDetermination"/>
        <phase name="MessageOut"/>
        <phase name="Security"/>
        <!--
           The MsgOutObservation phase is used to observe messages just before the
           responses are sent out. In this phase, we could do some things such as SOAP message
           tracing & keeping track of the time at which a particular response was sent.

           NOTE: This should be the very last phase in this flow
        -->
        <phase name="MsgOutObservation"/>
    </phaseOrder>
    <phaseOrder type="InFaultFlow">
         <!--
           The MsgInObservation phase is used to observe messages as soon as they are
           received. In this phase, we could do some things such as SOAP message tracing & keeping
           track of the time at which a particular message was received

           NOTE: This should be the very first phase in this flow
        -->
        <phase name="MsgInObservation"/>
        <phase name="Transport">
            <handler name="RequestURIBasedDispatcher"
                     class="org.apache.axis2.dispatchers.RequestURIBasedDispatcher">
                <order phase="Transport"/>
            </handler>
            <handler name="SOAPActionBasedDispatcher"
                     class="org.apache.axis2.dispatchers.SOAPActionBasedDispatcher">
                <order phase="Transport"/>
            </handler>
        </phase>
        <phase name="Addressing">
            <handler name="AddressingBasedDispatcher"
                     class="org.apache.axis2.dispatchers.AddressingBasedDispatcher">
                <order phase="Addressing"/>
            </handler>
        </phase>
        <phase name="Ghost">
            <handler name="GhostDispatcher" class="org.wso2.carbon.utils.dispatchers.GhostDispatcher"/>
        </phase>
        <phase name="Security"/>
        <phase name="PreDispatch"/>
        <phase name="Dispatch" class="org.apache.axis2.engine.DispatchPhase">
            <handler name="RequestURIBasedDispatcher"
                     class="org.apache.axis2.dispatchers.RequestURIBasedDispatcher"/>
            <handler name="SOAPActionBasedDispatcher"
                     class="org.apache.axis2.dispatchers.SOAPActionBasedDispatcher"/>
            <handler name="RequestURIOperationDispatcher"
                     class="org.apache.axis2.dispatchers.RequestURIOperationDispatcher"/>
            <handler name="SOAPMessageBodyBasedDispatcher"
                     class="org.apache.axis2.dispatchers.SOAPMessageBodyBasedDispatcher"/>

            <handler name="HTTPLocationBasedDispatcher"
                     class="org.apache.axis2.dispatchers.HTTPLocationBasedDispatcher"/>
        </phase>
        <phase name="RMPhase"/>
        <phase name="OpPhase"/>
        <!--      user can add his own phases to this area  -->
        <phase name="OperationInFaultPhase"/>
    </phaseOrder>
    <phaseOrder type="OutFaultFlow">
        <!--      user can add his own phases to this area  -->
		<phase name="UEPPhase"/>
		<phase name="OperationOutFaultPhase"/>
        <phase name="RMPhase"/>
        <phase name="PolicyDetermination"/>
        <phase name="MessageOut"/>
        <phase name="Security"/>
        <!--
           The MsgOutObservation phase is used to observe messages just before the
           responses are sent out. In this phase, we could do some things such as SOAP message
           tracing & keeping track of the time at which a particular response was sent.

           NOTE: This should be the very last phase in this flow
        -->
        <phase name="MsgOutObservation"/>
    </phaseOrder>
</axisconfig>
