<?xml version="1.0" encoding="UTF-8"?>

<template name="addcategory" xmlns="http://ws.apache.org/ns/synapse">
    <parameter name="category" description="The Category that will be added to the marketing email." />
    <parameter name="name" description="The Marketing Email to which the categories will be added." />
    <sequence>
        <property name="uri.var.category" expression="$func:category" />
        <property name="uri.var.name" expression="$func:name" />


        <property name="messageType" value="application/x-www-form-urlencoded" scope="axis2" />

        <call>
            <endpoint>
                <http method="add" uri-template="{uri.var.apiUrl}/category/add.json" />

            </endpoint>
        </call>
    </sequence>
</template>
