<?xml version="1.0" encoding="UTF-8"?>

<template name="removecategory" xmlns="http://ws.apache.org/ns/synapse">
    <parameter name="name" description="The Marketing Email that will have Category(ies) deleted from it." />
    <parameter name="category" description="Remove the Category with this name. If the category is not specified. all categories will be deleted from the Marketing Email." />
    <sequence>
        <property name="uri.var.name" expression="$func:name" />
        <property name="uri.var.category" expression="$func:category" />

        <script language="js">
            <![CDATA[
            var jsonPayload = mc.getPayloadJSON();
            var category = mc.getProperty('uri.var.category');

            if (category != null && category != ""){
               jsonPayload.client.category = category;
            }

            mc.setPayloadJSON(jsonPayload);
         ]]>
        </script>

        <property name="messageType" value="application/x-www-form-urlencoded" scope="axis2" />

        <call>
            <endpoint>
                <http method="post" uri-template="{uri.var.apiUrl}/category/remove.json" />

            </endpoint>
        </call>
    </sequence>
</template>
