<?xml version="1.0" encoding="UTF-8"?>

<!--
~ Copyright (c) 2015, WSO2 Inc. (http://www.wso2.org) All Rights Reserved.
~
~ WSO2 Inc. licenses this file to you under the Apache License,
~ Version 2.0 (the "License"); you may not use this file except
~ in compliance with the License.
~ You may obtain a copy of the License at
~
~ http://www.apache.org/licenses/LICENSE-2.0
~
~ Unless required by applicable law or agreed to in writing,
~ software distributed under the License is distributed on an
~ "AS IS" BASIS, WITHOUT WARRANTIES OR CONDITIONS OF ANY
~ KIND, either express or implied. See the License for the
~ specific language governing permissions and limitations
~ under the License.
-->

<template name="editList" xmlns="http://ws.apache.org/ns/synapse">
    <parameter name="list" description="This is the name of the Recipient List to be renamed." />
    <parameter name="newlist" description="Specify the new name for the Recipient List. " />
    <sequence>

        <property name="messageType" value="application/x-www-form-urlencoded" scope="axis2" />

        <property name="uri.var.list" expression="$func:list" />
        <property name="uri.var.newlist" expression="$func:newlist" />

        <!--<payloadFactory media-type="json">
            <format>
                {

                "list": "$1",
                "newlist":"$2"
                }
            </format>
            <args>
                <arg expression="get-property('uri.var.list')" />
                <arg expression="get-property('uri.var.newlist')" />
            </args>
        </payloadFactory>-->

        <call>
            <endpoint>
                <!--<http method="edit" uri-template="{uri.var.apiUrl}/lists/edit.json" />-->
                <!--<http method="edit" uri-template="{uri.var.apiUrl}/lists/edit.json?list={+uri.var.list}&amp;newlist={+uri.var.newlist}" />-->
                <http method="post" uri-template="{uri.var.apiUrl}/lists/add.json?list={+uri.var.list}&amp;newlist={+uri.var.newlist}&amp;api_user={+uri.var.api_user}&amp;api_key={+uri.var.api_key}" />

            </endpoint>
        </call>

        <!-- Remove custom Headers from the API Response -->
        <header name="X-Runtime" action="remove" scope="transport" />
        <header name="ETag" action="remove" scope="transport" />
        <header name="X-UA-Compatible" action="remove" scope="transport" />
        <header name="X-Request-Id" action="remove" scope="transport" />
        <header name="X-Rack-Cache" action="remove" scope="transport" />
        <header name="X-Powered-By" action="remove" scope="transport" />

    </sequence>
</template>