<?xml version="1.0" encoding="UTF-8"?>
<connector>
    <component name="sendgrid" package="org.wso2.carbon.connector" >
        <dependency component="helloWorld"/>
        <dependency component="sendgrid-config"/>
        <dependency component="sendgrid-email"/>
        <dependency component="sendgrid-lists"/>
        <dependency component="sendgrid-category"/>
        <dependency component="sendgrid-recipients"/>
        <dependency component="sendgrid-schedule"/>
        <dependency component="sendgrid-senderaddress"/>
        <description>wso2 sample connector library for sendgrid</description>
    </component>
</connector>
