<?xml version="1.0" encoding="UTF-8"?>

<!--
~ Copyright (c) 2015, WSO2 Inc. (http://www.wso2.org) All Rights Reserved.
~
~ WSO2 Inc. licenses this file to you under the Apache License,
~ Version 2.0 (the "License"); you may not use this file except
~ in compliance with the License.
~ You may obtain a copy of the License at
~
~ http://www.apache.org/licenses/LICENSE-2.0
~
~ Unless required by applicable law or agreed to in writing,
~ software distributed under the License is distributed on an
~ "AS IS" BASIS, WITHOUT WARRANTIES OR CONDITIONS OF ANY
~ KIND, either express or implied. See the License for the
~ specific language governing permissions and limitations
~ under the License.
-->

<template name="removeCategory" xmlns="http://ws.apache.org/ns/synapse">
    <parameter name="name" description="The Marketing Email that will have Category(ies) deleted from it." />
    <parameter name="category" description="Remove the Category with this name. If the category is not specified. all categories will be deleted from the Marketing Email." />
    <sequence>
        <property name="uri.var.name" expression="$func:name" />
        <property name="uri.var.category" expression="$func:category" />

        <script language="js">
            <![CDATA[
            var jsonPayload = mc.getPayloadJSON();
            var category = mc.getProperty('uri.var.category');

            if (category != null && category != ""){
               jsonPayload.client.category = category;
            }

            mc.setPayloadJSON(jsonPayload);
         ]]>
        </script>

        <property name="messageType" value="application/x-www-form-urlencoded" scope="axis2" />

        <call>
            <endpoint>
                <http method="post" uri-template="{uri.var.apiUrl}/category/remove.json?name={+uri.var.name}&amp;api_key={+uri.var.api_key}&amp;api_user={+uri.var.api_user}" />

            </endpoint>
        </call>

        <!-- Remove custom Headers from the API Response -->
        <header name="X-Runtime" action="remove" scope="transport" />
        <header name="ETag" action="remove" scope="transport" />
        <header name="X-UA-Compatible" action="remove" scope="transport" />
        <header name="X-Request-Id" action="remove" scope="transport" />
        <header name="X-Rack-Cache" action="remove" scope="transport" />
        <header name="X-Powered-By" action="remove" scope="transport" />

    </sequence>
</template>
