<?xml version="1.0" encoding="UTF-8"?>

<!--
~ Copyright (c) 2015, WSO2 Inc. (http://www.wso2.org) All Rights Reserved.
~
~ WSO2 Inc. licenses this file to you under the Apache License,
~ Version 2.0 (the "License"); you may not use this file except
~ in compliance with the License.
~ You may obtain a copy of the License at
~
~ http://www.apache.org/licenses/LICENSE-2.0
~
~ Unless required by applicable law or agreed to in writing,
~ software distributed under the License is distributed on an
~ "AS IS" BASIS, WITHOUT WARRANTIES OR CONDITIONS OF ANY
~ KIND, either express or implied. See the License for the
~ specific language governing permissions and limitations
~ under the License.
-->

<component name="sendgrid-senderaddress" type="synapse/template">
    <subComponents>
        <component name="addSenderaddress">
            <file>addSenderaddress.xml</file>
            <description>Createa new Address.</description>
        </component>

        <component name="editSenderaddress">
            <file>editSenderaddress.xml</file>
            <description>Edit an existing Address.</description>
        </component>

        <component name="getSenderaddress">
            <file>getSenderaddress.xml</file>
            <description>Retrieve information associated with a particular Address.</description>
        </component>

        <component name="listSenderaddress">
            <file>listSenderaddress.xml</file>
            <description>List all Addresses on your account, or check if a particular Address exists.</description>
        </component>

        <component name="deleteSenderaddress">
            <file>deleteSenderaddress.xml</file>
            <description>Remove an Address from your account.</description>
        </component>

    </subComponents>
</component>