<?xml version="1.0" encoding="UTF-8"?>
<config transient="false" date="1345193552572">
	<site enabled="true" updateable="true" policy="USER-EXCLUDE" url="platform:/base/">
		<feature id="org.wso2.carbon.core.server" url="features/org.wso2.carbon.core.server_4.0.0/" version="4.0.0">
		</feature>
		<feature id="org.wso2.carbon.core.runtime" url="features/org.wso2.carbon.core.runtime_4.0.0/" version="4.0.0">
		</feature>
		<feature id="org.wso2.carbon.core.common" url="features/org.wso2.carbon.core.common_4.0.0/" version="4.0.0">
		</feature>
		<feature id="org.wso2.carbon.core" url="features/org.wso2.carbon.core_4.0.0/" version="4.0.0">
		</feature>
		<feature id="org.wso2.carbon.core.ui" url="features/org.wso2.carbon.core.ui_4.0.0/" version="4.0.0">
		</feature>
	</site>
</config>
