<?xml version="1.0" encoding="UTF-8"?>

<template name="addemail" xmlns="http://ws.apache.org/ns/synapse">
    <parameter name="list" description="The list which you are adding email addresses to." />
    <parameter name="data" description="Specify the name, email address, and additional fields to add to the specified Recipient List." />
    <sequence>
        <property name="uri.var.list" expression="$func:list" />
        <property name="uri.var.data" expression="$func:data" />

        <property name="messageType" value="application/x-www-form-urlencoded" scope="axis2" />

        <call>
        <endpoint>
            <http method="add" uri-template="{uri.var.apiUrl}/lists/email/add.json" />
            <!--<http method="add" uri-template="{uri.var.apiUrl}/lists/email/add.json?list={+uri.var.list}&amp;data={+uri.var.data}" />-->
        </endpoint>
        </call>
    </sequence>
</template>
