<?xml version="1.0" encoding="UTF-8"?>

<!--
~ Copyright (c) 2015, WSO2 Inc. (http://www.wso2.org) All Rights Reserved.
~
~ WSO2 Inc. licenses this file to you under the Apache License,
~ Version 2.0 (the "License"); you may not use this file except
~ in compliance with the License.
~ You may obtain a copy of the License at
~
~ http://www.apache.org/licenses/LICENSE-2.0
~
~ Unless required by applicable law or agreed to in writing,
~ software distributed under the License is distributed on an
~ "AS IS" BASIS, WITHOUT WARRANTIES OR CONDITIONS OF ANY
~ KIND, either express or implied. See the License for the
~ specific language governing permissions and limitations
~ under the License.
-->

<component name="sendgrid-email" type="synapse/template">
    <subComponents>
        <component name="addemail">
            <file>addemail.xml</file>
            <description>Add one or more emails to a Recipient List.</description>
        </component>
        <component name="getemail">
            <file>getemail.xml</file>
            <description>Get the email addresses and associated fields for a Recipient List.</description>
        </component>
        <component name="countemail">
            <file>countemail.xml</file>
            <description>Retrieve the number of entries on a list.</description>
        </component>
        <component name="deleteemail">
            <file>deleteemail.xml</file>
            <description>Remove one or more emails from a Recipient List.</description>
        </component>
    </subComponents>
</component>