<?xml version="1.0" encoding="UTF-8"?>

<template name="getemail" xmlns="http://ws.apache.org/ns/synapse">
    <parameter name="list" description="The list which you are adding email addresses too" />
    <parameter name="email" description="Optional email addresses to search for in the Recipient List." />
    <parameter name="unsubscribed" description="To retrieve a list of unsubscribed email addresses" />
    <sequence>
        <property name="uri.var.list" expression="$func:list" />

        <script language="js">
            <![CDATA[
            var jsonPayload = mc.getPayloadJSON();
            var email = mc.getProperty('uri.var.email');
            var unsubscribed = mc.getProperty('uri.var.unsubscribed');

            if (email != null && email != ""){
               jsonPayload.client.email = email;
            }
            if (unsubscribed != null && unsubscribed != ""){
               jsonPayload.client.unsubscribed = unsubscribed;
            }

            mc.setPayloadJSON(jsonPayload);
         ]]>
        </script>

        <property name="messageType" value="application/x-www-form-urlencoded" scope="axis2" />

        <call>
            <endpoint>
                <http method="get" uri-template="{uri.var.apiUrl}/lists/email/get.json" />
                <!--<http method="get" uri-template="{uri.var.apiUrl}/lists/email/get.json?list={+uri.var.list}" />-->
                <!--<http method="get" uri-template="{uri.var.apiUrl}/lists/email/get.json?list={+uri.var.list}&api_user={+uri.var.api_user}&api_key={+uri.var.api_key}" />-->
            </endpoint>
        </call>
    </sequence>
</template>