<?xml version="1.0" encoding="UTF-8"?>

<!--
~ Copyright (c) 2015, WSO2 Inc. (http://www.wso2.org) All Rights Reserved.
~
~ WSO2 Inc. licenses this file to you under the Apache License,
~ Version 2.0 (the "License"); you may not use this file except
~ in compliance with the License.
~ You may obtain a copy of the License at
~
~ http://www.apache.org/licenses/LICENSE-2.0
~
~ Unless required by applicable law or agreed to in writing,
~ software distributed under the License is distributed on an
~ "AS IS" BASIS, WITHOUT WARRANTIES OR CONDITIONS OF ANY
~ KIND, either express or implied. See the License for the
~ specific language governing permissions and limitations
~ under the License.
-->

<component name="sendgrid-marketingemail" type="synapse/template">
    <subComponents>
        <component name="addmarketingemail">
            <file>addmarketingemail.xml</file>
            <description>Create a new Marketing Email.</description>
        </component>

        <component name="editmarketingemail">
            <file>editmarketingemail.xml</file>
            <description>Edit an existing Marketing Email.</description>
        </component>

        <component name="getmarketingemail">
            <file>getmarketingemail.xml</file>
            <description>Retrieve the contents of an existing Marketing Email.</description>
        </component>

        <component name="listmarketingemail">
            <file>listmarketingemail.xml</file>
            <description>Retrieve a list of all existing Marketing Email.</description>
        </component>

        <component name="deletemarketingemail">
            <file>deletemarketingemail.xml</file>
            <description>Remove an existing Marketing Email.</description>
        </component>

    </subComponents>
</component>